intervention_group,mean_outcome_cvd,mean_adherence_pct
control,0.33652981720107883,60.83068624513036
treatment a,0.319482083709726,60.47425474254742
treatment b,0.3336325553560742,61.14901256732495
